<annotation>
	<folder>IPCVImages</folder>
	<filename>goodbye.ad52a877-b7ed-11ec-bf07-347df65f57d9.jpg</filename>
	<path>C:\MyStuff\PES\SEM_VI\IPCV\ObjectDetection\RealTimeObjectDetection\Tensorflow\workspace\images\IPCVImages\goodbye.ad52a877-b7ed-11ec-bf07-347df65f57d9.jpg</path>
	<source>
		<database>Unknown</database>
	</source>
	<size>
		<width>640</width>
		<height>480</height>
		<depth>3</depth>
	</size>
	<segmented>0</segmented>
	<object>
		<name>Goodbye</name>
		<pose>Unspecified</pose>
		<truncated>1</truncated>
		<difficult>0</difficult>
		<bndbox>
			<xmin>235</xmin>
			<ymin>221</ymin>
			<xmax>546</xmax>
			<ymax>480</ymax>
		</bndbox>
	</object>
</annotation>
