<annotation>
	<folder>IPCVImages</folder>
	<filename>goodbye.b83d62e7-b7ed-11ec-9d8a-eb66a2905e3c.jpg</filename>
	<path>C:\MyStuff\PES\SEM_VI\IPCV\ObjectDetection\RealTimeObjectDetection\Tensorflow\workspace\images\IPCVImages\goodbye.b83d62e7-b7ed-11ec-9d8a-eb66a2905e3c.jpg</path>
	<source>
		<database>Unknown</database>
	</source>
	<size>
		<width>640</width>
		<height>480</height>
		<depth>3</depth>
	</size>
	<segmented>0</segmented>
	<object>
		<name>Goodbye</name>
		<pose>Unspecified</pose>
		<truncated>0</truncated>
		<difficult>0</difficult>
		<bndbox>
			<xmin>45</xmin>
			<ymin>129</ymin>
			<xmax>176</xmax>
			<ymax>294</ymax>
		</bndbox>
	</object>
</annotation>
