<annotation>
	<folder>IPCVImages</folder>
	<filename>goodbye.aae6e3f8-b7ed-11ec-ac75-347df65f57d9.jpg</filename>
	<path>C:\MyStuff\PES\SEM_VI\IPCV\ObjectDetection\RealTimeObjectDetection\Tensorflow\workspace\images\IPCVImages\goodbye.aae6e3f8-b7ed-11ec-ac75-347df65f57d9.jpg</path>
	<source>
		<database>Unknown</database>
	</source>
	<size>
		<width>640</width>
		<height>480</height>
		<depth>3</depth>
	</size>
	<segmented>0</segmented>
	<object>
		<name>Goodbye</name>
		<pose>Unspecified</pose>
		<truncated>0</truncated>
		<difficult>0</difficult>
		<bndbox>
			<xmin>155</xmin>
			<ymin>206</ymin>
			<xmax>378</xmax>
			<ymax>472</ymax>
		</bndbox>
	</object>
</annotation>
