<annotation>
	<folder>IPCVImages</folder>
	<filename>goodbye.bbe69318-b7ed-11ec-8b39-eb66a2905e3c.jpg</filename>
	<path>C:\MyStuff\PES\SEM_VI\IPCV\ObjectDetection\RealTimeObjectDetection\Tensorflow\workspace\images\IPCVImages\goodbye.bbe69318-b7ed-11ec-8b39-eb66a2905e3c.jpg</path>
	<source>
		<database>Unknown</database>
	</source>
	<size>
		<width>640</width>
		<height>480</height>
		<depth>3</depth>
	</size>
	<segmented>0</segmented>
	<object>
		<name>Goodbye</name>
		<pose>Unspecified</pose>
		<truncated>0</truncated>
		<difficult>0</difficult>
		<bndbox>
			<xmin>28</xmin>
			<ymin>131</ymin>
			<xmax>158</xmax>
			<ymax>296</ymax>
		</bndbox>
	</object>
</annotation>
