<annotation>
	<folder>IPCVImages</folder>
	<filename>goodbye.b49c7e7b-b7ed-11ec-b312-347df65f57d9.jpg</filename>
	<path>C:\MyStuff\PES\SEM_VI\IPCV\ObjectDetection\RealTimeObjectDetection\Tensorflow\workspace\images\IPCVImages\goodbye.b49c7e7b-b7ed-11ec-b312-347df65f57d9.jpg</path>
	<source>
		<database>Unknown</database>
	</source>
	<size>
		<width>640</width>
		<height>480</height>
		<depth>3</depth>
	</size>
	<segmented>0</segmented>
	<object>
		<name>Goodbye</name>
		<pose>Unspecified</pose>
		<truncated>0</truncated>
		<difficult>0</difficult>
		<bndbox>
			<xmin>213</xmin>
			<ymin>186</ymin>
			<xmax>510</xmax>
			<ymax>459</ymax>
		</bndbox>
	</object>
</annotation>
