<annotation>
	<folder>IPCVImages</folder>
	<filename>goodbye.b366cc10-b7ed-11ec-8df3-347df65f57d9.jpg</filename>
	<path>C:\MyStuff\PES\SEM_VI\IPCV\ObjectDetection\RealTimeObjectDetection\Tensorflow\workspace\images\IPCVImages\goodbye.b366cc10-b7ed-11ec-8df3-347df65f57d9.jpg</path>
	<source>
		<database>Unknown</database>
	</source>
	<size>
		<width>640</width>
		<height>480</height>
		<depth>3</depth>
	</size>
	<segmented>0</segmented>
	<object>
		<name>Goodbye</name>
		<pose>Unspecified</pose>
		<truncated>0</truncated>
		<difficult>0</difficult>
		<bndbox>
			<xmin>328</xmin>
			<ymin>213</ymin>
			<xmax>568</xmax>
			<ymax>472</ymax>
		</bndbox>
	</object>
</annotation>
