<annotation>
	<folder>IPCVImages</folder>
	<filename>goodbye.3bde3573-b7f0-11ec-b227-7c10c9acf965.jpg</filename>
	<path>C:\MyStuff\PES\SEM_VI\IPCV\ObjectDetection\RealTimeObjectDetection\Tensorflow\workspace\images\IPCVImages\goodbye.3bde3573-b7f0-11ec-b227-7c10c9acf965.jpg</path>
	<source>
		<database>Unknown</database>
	</source>
	<size>
		<width>640</width>
		<height>480</height>
		<depth>3</depth>
	</size>
	<segmented>0</segmented>
	<object>
		<name>Goodbye</name>
		<pose>Unspecified</pose>
		<truncated>0</truncated>
		<difficult>0</difficult>
		<bndbox>
			<xmin>62</xmin>
			<ymin>239</ymin>
			<xmax>224</xmax>
			<ymax>460</ymax>
		</bndbox>
	</object>
</annotation>
