<annotation>
	<folder>IPCVImages</folder>
	<filename>goodbye.baad0de8-b7ed-11ec-af83-eb66a2905e3c.jpg</filename>
	<path>C:\MyStuff\PES\SEM_VI\IPCV\ObjectDetection\RealTimeObjectDetection\Tensorflow\workspace\images\IPCVImages\goodbye.baad0de8-b7ed-11ec-af83-eb66a2905e3c.jpg</path>
	<source>
		<database>Unknown</database>
	</source>
	<size>
		<width>640</width>
		<height>480</height>
		<depth>3</depth>
	</size>
	<segmented>0</segmented>
	<object>
		<name>Goodbye</name>
		<pose>Unspecified</pose>
		<truncated>0</truncated>
		<difficult>0</difficult>
		<bndbox>
			<xmin>45</xmin>
			<ymin>128</ymin>
			<xmax>172</xmax>
			<ymax>291</ymax>
		</bndbox>
	</object>
</annotation>
