<annotation>
	<folder>IPCVImages</folder>
	<filename>namaskara.cee43fbc-b7ed-11ec-b77c-347df65f57d9.jpg</filename>
	<path>C:\MyStuff\PES\SEM_VI\IPCV\ObjectDetection\RealTimeObjectDetection\Tensorflow\workspace\images\IPCVImages\namaskara.cee43fbc-b7ed-11ec-b77c-347df65f57d9.jpg</path>
	<source>
		<database>Unknown</database>
	</source>
	<size>
		<width>640</width>
		<height>480</height>
		<depth>3</depth>
	</size>
	<segmented>0</segmented>
	<object>
		<name>Namaskara</name>
		<pose>Unspecified</pose>
		<truncated>1</truncated>
		<difficult>0</difficult>
		<bndbox>
			<xmin>295</xmin>
			<ymin>244</ymin>
			<xmax>398</xmax>
			<ymax>480</ymax>
		</bndbox>
	</object>
</annotation>
