<annotation>
	<folder>IPCVImages</folder>
	<filename>namaskara.676995c4-b7f0-11ec-befa-7c10c9acf965.jpg</filename>
	<path>C:\MyStuff\PES\SEM_VI\IPCV\ObjectDetection\RealTimeObjectDetection\Tensorflow\workspace\images\IPCVImages\namaskara.676995c4-b7f0-11ec-befa-7c10c9acf965.jpg</path>
	<source>
		<database>Unknown</database>
	</source>
	<size>
		<width>640</width>
		<height>480</height>
		<depth>3</depth>
	</size>
	<segmented>0</segmented>
	<object>
		<name>Namaskara</name>
		<pose>Unspecified</pose>
		<truncated>0</truncated>
		<difficult>0</difficult>
		<bndbox>
			<xmin>123</xmin>
			<ymin>224</ymin>
			<xmax>251</xmax>
			<ymax>469</ymax>
		</bndbox>
	</object>
</annotation>
