<annotation>
	<folder>IPCVImages</folder>
	<filename>namaskara.d3be98a2-b7ed-11ec-b5ad-347df65f57d9.jpg</filename>
	<path>C:\MyStuff\PES\SEM_VI\IPCV\ObjectDetection\RealTimeObjectDetection\Tensorflow\workspace\images\IPCVImages\namaskara.d3be98a2-b7ed-11ec-b5ad-347df65f57d9.jpg</path>
	<source>
		<database>Unknown</database>
	</source>
	<size>
		<width>640</width>
		<height>480</height>
		<depth>3</depth>
	</size>
	<segmented>0</segmented>
	<object>
		<name>Namaskara</name>
		<pose>Unspecified</pose>
		<truncated>0</truncated>
		<difficult>0</difficult>
		<bndbox>
			<xmin>394</xmin>
			<ymin>108</ymin>
			<xmax>511</xmax>
			<ymax>365</ymax>
		</bndbox>
	</object>
</annotation>
