<annotation>
	<folder>IPCVImages</folder>
	<filename>namaskara.6159a416-b7f0-11ec-90b9-7c10c9acf965.jpg</filename>
	<path>C:\MyStuff\PES\SEM_VI\IPCV\ObjectDetection\RealTimeObjectDetection\Tensorflow\workspace\images\IPCVImages\namaskara.6159a416-b7f0-11ec-90b9-7c10c9acf965.jpg</path>
	<source>
		<database>Unknown</database>
	</source>
	<size>
		<width>640</width>
		<height>480</height>
		<depth>3</depth>
	</size>
	<segmented>0</segmented>
	<object>
		<name>Namaskara</name>
		<pose>Unspecified</pose>
		<truncated>0</truncated>
		<difficult>0</difficult>
		<bndbox>
			<xmin>341</xmin>
			<ymin>223</ymin>
			<xmax>435</xmax>
			<ymax>465</ymax>
		</bndbox>
	</object>
</annotation>
