<annotation>
	<folder>IPCVImages</folder>
	<filename>namaskara.ed801fc4-b7ed-11ec-ac0f-eb66a2905e3c.jpg</filename>
	<path>C:\MyStuff\PES\SEM_VI\IPCV\ObjectDetection\RealTimeObjectDetection\Tensorflow\workspace\images\IPCVImages\namaskara.ed801fc4-b7ed-11ec-ac0f-eb66a2905e3c.jpg</path>
	<source>
		<database>Unknown</database>
	</source>
	<size>
		<width>640</width>
		<height>480</height>
		<depth>3</depth>
	</size>
	<segmented>0</segmented>
	<object>
		<name>Namaskara</name>
		<pose>Unspecified</pose>
		<truncated>0</truncated>
		<difficult>0</difficult>
		<bndbox>
			<xmin>217</xmin>
			<ymin>162</ymin>
			<xmax>313</xmax>
			<ymax>361</ymax>
		</bndbox>
	</object>
</annotation>
