<annotation>
	<folder>IPCVImages</folder>
	<filename>namaskara.64fc1bc0-b7f0-11ec-a8a8-7c10c9acf965.jpg</filename>
	<path>C:\MyStuff\PES\SEM_VI\IPCV\ObjectDetection\RealTimeObjectDetection\Tensorflow\workspace\images\IPCVImages\namaskara.64fc1bc0-b7f0-11ec-a8a8-7c10c9acf965.jpg</path>
	<source>
		<database>Unknown</database>
	</source>
	<size>
		<width>640</width>
		<height>480</height>
		<depth>3</depth>
	</size>
	<segmented>0</segmented>
	<object>
		<name>Namaskara</name>
		<pose>Unspecified</pose>
		<truncated>0</truncated>
		<difficult>0</difficult>
		<bndbox>
			<xmin>179</xmin>
			<ymin>217</ymin>
			<xmax>288</xmax>
			<ymax>458</ymax>
		</bndbox>
	</object>
</annotation>
