<annotation>
	<folder>IPCVImages</folder>
	<filename>ok.028692e0-b7ee-11ec-99e6-eb66a2905e3c.jpg</filename>
	<path>C:\MyStuff\PES\SEM_VI\IPCV\ObjectDetection\RealTimeObjectDetection\Tensorflow\workspace\images\IPCVImages\ok.028692e0-b7ee-11ec-99e6-eb66a2905e3c.jpg</path>
	<source>
		<database>Unknown</database>
	</source>
	<size>
		<width>640</width>
		<height>480</height>
		<depth>3</depth>
	</size>
	<segmented>0</segmented>
	<object>
		<name>Ok</name>
		<pose>Unspecified</pose>
		<truncated>0</truncated>
		<difficult>0</difficult>
		<bndbox>
			<xmin>419</xmin>
			<ymin>111</ymin>
			<xmax>559</xmax>
			<ymax>271</ymax>
		</bndbox>
	</object>
</annotation>
