<annotation>
	<folder>IPCVImages</folder>
	<filename>ok.076504cd-b7ee-11ec-979e-eb66a2905e3c.jpg</filename>
	<path>C:\MyStuff\PES\SEM_VI\IPCV\ObjectDetection\RealTimeObjectDetection\Tensorflow\workspace\images\IPCVImages\ok.076504cd-b7ee-11ec-979e-eb66a2905e3c.jpg</path>
	<source>
		<database>Unknown</database>
	</source>
	<size>
		<width>640</width>
		<height>480</height>
		<depth>3</depth>
	</size>
	<segmented>0</segmented>
	<object>
		<name>Ok</name>
		<pose>Unspecified</pose>
		<truncated>0</truncated>
		<difficult>0</difficult>
		<bndbox>
			<xmin>205</xmin>
			<ymin>175</ymin>
			<xmax>321</xmax>
			<ymax>361</ymax>
		</bndbox>
	</object>
</annotation>
