<annotation>
	<folder>IPCVImages</folder>
	<filename>ok.7bf5eb19-b7f0-11ec-8196-7c10c9acf965.jpg</filename>
	<path>C:\MyStuff\PES\SEM_VI\IPCV\ObjectDetection\RealTimeObjectDetection\Tensorflow\workspace\images\IPCVImages\ok.7bf5eb19-b7f0-11ec-8196-7c10c9acf965.jpg</path>
	<source>
		<database>Unknown</database>
	</source>
	<size>
		<width>640</width>
		<height>480</height>
		<depth>3</depth>
	</size>
	<segmented>0</segmented>
	<object>
		<name>Ok</name>
		<pose>Unspecified</pose>
		<truncated>0</truncated>
		<difficult>0</difficult>
		<bndbox>
			<xmin>400</xmin>
			<ymin>182</ymin>
			<xmax>598</xmax>
			<ymax>398</ymax>
		</bndbox>
	</object>
</annotation>
