<annotation>
	<folder>IPCVImages</folder>
	<filename>ok.e2a9ccad-b7ed-11ec-a100-347df65f57d9.jpg</filename>
	<path>C:\MyStuff\PES\SEM_VI\IPCV\ObjectDetection\RealTimeObjectDetection\Tensorflow\workspace\images\IPCVImages\ok.e2a9ccad-b7ed-11ec-a100-347df65f57d9.jpg</path>
	<source>
		<database>Unknown</database>
	</source>
	<size>
		<width>640</width>
		<height>480</height>
		<depth>3</depth>
	</size>
	<segmented>0</segmented>
	<object>
		<name>Ok</name>
		<pose>Unspecified</pose>
		<truncated>1</truncated>
		<difficult>0</difficult>
		<bndbox>
			<xmin>410</xmin>
			<ymin>69</ymin>
			<xmax>640</xmax>
			<ymax>367</ymax>
		</bndbox>
	</object>
</annotation>
