<annotation>
	<folder>IPCVImages</folder>
	<filename>ok.e64be83c-b7ed-11ec-830a-347df65f57d9.jpg</filename>
	<path>C:\MyStuff\PES\SEM_VI\IPCV\ObjectDetection\RealTimeObjectDetection\Tensorflow\workspace\images\IPCVImages\ok.e64be83c-b7ed-11ec-830a-347df65f57d9.jpg</path>
	<source>
		<database>Unknown</database>
	</source>
	<size>
		<width>640</width>
		<height>480</height>
		<depth>3</depth>
	</size>
	<segmented>0</segmented>
	<object>
		<name>Ok</name>
		<pose>Unspecified</pose>
		<truncated>0</truncated>
		<difficult>0</difficult>
		<bndbox>
			<xmin>124</xmin>
			<ymin>27</ymin>
			<xmax>343</xmax>
			<ymax>320</ymax>
		</bndbox>
	</object>
</annotation>
