<annotation>
	<folder>IPCVImages</folder>
	<filename>peace.a0bd8419-b7ed-11ec-afdb-347df65f57d9.jpg</filename>
	<path>C:\MyStuff\PES\SEM_VI\IPCV\ObjectDetection\RealTimeObjectDetection\Tensorflow\workspace\images\IPCVImages\peace.a0bd8419-b7ed-11ec-afdb-347df65f57d9.jpg</path>
	<source>
		<database>Unknown</database>
	</source>
	<size>
		<width>640</width>
		<height>480</height>
		<depth>3</depth>
	</size>
	<segmented>0</segmented>
	<object>
		<name>Peace</name>
		<pose>Unspecified</pose>
		<truncated>0</truncated>
		<difficult>0</difficult>
		<bndbox>
			<xmin>49</xmin>
			<ymin>240</ymin>
			<xmax>355</xmax>
			<ymax>416</ymax>
		</bndbox>
	</object>
</annotation>
