<annotation>
	<folder>IPCVImages</folder>
	<filename>peace.30f16365-b7f0-11ec-a25d-7c10c9acf965.jpg</filename>
	<path>C:\MyStuff\PES\SEM_VI\IPCV\ObjectDetection\RealTimeObjectDetection\Tensorflow\workspace\images\IPCVImages\peace.30f16365-b7f0-11ec-a25d-7c10c9acf965.jpg</path>
	<source>
		<database>Unknown</database>
	</source>
	<size>
		<width>640</width>
		<height>480</height>
		<depth>3</depth>
	</size>
	<segmented>0</segmented>
	<object>
		<name>Peace</name>
		<pose>Unspecified</pose>
		<truncated>0</truncated>
		<difficult>0</difficult>
		<bndbox>
			<xmin>79</xmin>
			<ymin>130</ymin>
			<xmax>214</xmax>
			<ymax>384</ymax>
		</bndbox>
	</object>
</annotation>
