<annotation>
	<folder>IPCVImages</folder>
	<filename>peace.9a94a072-b7ed-11ec-9eb8-eb66a2905e3c.jpg</filename>
	<path>C:\MyStuff\PES\SEM_VI\IPCV\ObjectDetection\RealTimeObjectDetection\Tensorflow\workspace\images\IPCVImages\peace.9a94a072-b7ed-11ec-9eb8-eb66a2905e3c.jpg</path>
	<source>
		<database>Unknown</database>
	</source>
	<size>
		<width>640</width>
		<height>480</height>
		<depth>3</depth>
	</size>
	<segmented>0</segmented>
	<object>
		<name>Peace</name>
		<pose>Unspecified</pose>
		<truncated>0</truncated>
		<difficult>0</difficult>
		<bndbox>
			<xmin>92</xmin>
			<ymin>139</ymin>
			<xmax>201</xmax>
			<ymax>337</ymax>
		</bndbox>
	</object>
</annotation>
