<annotation>
	<folder>IPCVImages</folder>
	<filename>peace.9e4000d1-b7ed-11ec-bbf3-eb66a2905e3c.jpg</filename>
	<path>C:\MyStuff\PES\SEM_VI\IPCV\ObjectDetection\RealTimeObjectDetection\Tensorflow\workspace\images\IPCVImages\peace.9e4000d1-b7ed-11ec-bbf3-eb66a2905e3c.jpg</path>
	<source>
		<database>Unknown</database>
	</source>
	<size>
		<width>640</width>
		<height>480</height>
		<depth>3</depth>
	</size>
	<segmented>0</segmented>
	<object>
		<name>Peace</name>
		<pose>Unspecified</pose>
		<truncated>0</truncated>
		<difficult>0</difficult>
		<bndbox>
			<xmin>87</xmin>
			<ymin>108</ymin>
			<xmax>193</xmax>
			<ymax>288</ymax>
		</bndbox>
	</object>
</annotation>
