<annotation>
	<folder>IPCVImages</folder>
	<filename>peace.9aac0752-b7ed-11ec-af84-347df65f57d9.jpg</filename>
	<path>C:\MyStuff\PES\SEM_VI\IPCV\ObjectDetection\RealTimeObjectDetection\Tensorflow\workspace\images\IPCVImages\peace.9aac0752-b7ed-11ec-af84-347df65f57d9.jpg</path>
	<source>
		<database>Unknown</database>
	</source>
	<size>
		<width>640</width>
		<height>480</height>
		<depth>3</depth>
	</size>
	<segmented>0</segmented>
	<object>
		<name>Peace</name>
		<pose>Unspecified</pose>
		<truncated>0</truncated>
		<difficult>0</difficult>
		<bndbox>
			<xmin>161</xmin>
			<ymin>295</ymin>
			<xmax>404</xmax>
			<ymax>443</ymax>
		</bndbox>
	</object>
</annotation>
