<annotation>
	<folder>IPCVImages</folder>
	<filename>thumbsup.cea71052-b7ed-11ec-8c50-eb66a2905e3c.jpg</filename>
	<path>C:\MyStuff\PES\SEM_VI\IPCV\ObjectDetection\RealTimeObjectDetection\Tensorflow\workspace\images\IPCVImages\thumbsup.cea71052-b7ed-11ec-8c50-eb66a2905e3c.jpg</path>
	<source>
		<database>Unknown</database>
	</source>
	<size>
		<width>640</width>
		<height>480</height>
		<depth>3</depth>
	</size>
	<segmented>0</segmented>
	<object>
		<name>Thumbsup</name>
		<pose>Unspecified</pose>
		<truncated>0</truncated>
		<difficult>0</difficult>
		<bndbox>
			<xmin>161</xmin>
			<ymin>153</ymin>
			<xmax>272</xmax>
			<ymax>331</ymax>
		</bndbox>
	</object>
</annotation>
