<annotation>
	<folder>IPCVImages</folder>
	<filename>thumbsup.4cd1976d-b7f0-11ec-808c-7c10c9acf965.jpg</filename>
	<path>C:\MyStuff\PES\SEM_VI\IPCV\ObjectDetection\RealTimeObjectDetection\Tensorflow\workspace\images\IPCVImages\thumbsup.4cd1976d-b7f0-11ec-808c-7c10c9acf965.jpg</path>
	<source>
		<database>Unknown</database>
	</source>
	<size>
		<width>640</width>
		<height>480</height>
		<depth>3</depth>
	</size>
	<segmented>0</segmented>
	<object>
		<name>Thumbsup</name>
		<pose>Unspecified</pose>
		<truncated>0</truncated>
		<difficult>0</difficult>
		<bndbox>
			<xmin>107</xmin>
			<ymin>113</ymin>
			<xmax>267</xmax>
			<ymax>308</ymax>
		</bndbox>
	</object>
</annotation>
