<annotation>
	<folder>IPCVImages</folder>
	<filename>thumbsup.cfe01be9-b7ed-11ec-9ef4-eb66a2905e3c.jpg</filename>
	<path>C:\MyStuff\PES\SEM_VI\IPCV\ObjectDetection\RealTimeObjectDetection\Tensorflow\workspace\images\IPCVImages\thumbsup.cfe01be9-b7ed-11ec-9ef4-eb66a2905e3c.jpg</path>
	<source>
		<database>Unknown</database>
	</source>
	<size>
		<width>640</width>
		<height>480</height>
		<depth>3</depth>
	</size>
	<segmented>0</segmented>
	<object>
		<name>Thumbsup</name>
		<pose>Unspecified</pose>
		<truncated>0</truncated>
		<difficult>0</difficult>
		<bndbox>
			<xmin>253</xmin>
			<ymin>180</ymin>
			<xmax>372</xmax>
			<ymax>358</ymax>
		</bndbox>
	</object>
</annotation>
