<annotation>
	<folder>IPCVImages</folder>
	<filename>thumbsup.c60df55a-b7ed-11ec-baeb-347df65f57d9.jpg</filename>
	<path>C:\MyStuff\PES\SEM_VI\IPCV\ObjectDetection\RealTimeObjectDetection\Tensorflow\workspace\images\IPCVImages\thumbsup.c60df55a-b7ed-11ec-baeb-347df65f57d9.jpg</path>
	<source>
		<database>Unknown</database>
	</source>
	<size>
		<width>640</width>
		<height>480</height>
		<depth>3</depth>
	</size>
	<segmented>0</segmented>
	<object>
		<name>Thumbsup</name>
		<pose>Unspecified</pose>
		<truncated>0</truncated>
		<difficult>0</difficult>
		<bndbox>
			<xmin>398</xmin>
			<ymin>135</ymin>
			<xmax>577</xmax>
			<ymax>394</ymax>
		</bndbox>
	</object>
</annotation>
