<annotation>
	<folder>IPCVImages</folder>
	<filename>thumbsup.d4bc9faf-b7ed-11ec-a048-eb66a2905e3c.jpg</filename>
	<path>C:\MyStuff\PES\SEM_VI\IPCV\ObjectDetection\RealTimeObjectDetection\Tensorflow\workspace\images\IPCVImages\thumbsup.d4bc9faf-b7ed-11ec-a048-eb66a2905e3c.jpg</path>
	<source>
		<database>Unknown</database>
	</source>
	<size>
		<width>640</width>
		<height>480</height>
		<depth>3</depth>
	</size>
	<segmented>0</segmented>
	<object>
		<name>Thumbsup</name>
		<pose>Unspecified</pose>
		<truncated>0</truncated>
		<difficult>0</difficult>
		<bndbox>
			<xmin>154</xmin>
			<ymin>162</ymin>
			<xmax>267</xmax>
			<ymax>335</ymax>
		</bndbox>
	</object>
</annotation>
