<annotation>
	<folder>IPCVImages</folder>
	<filename>thumbsup.bec2ad15-b7ed-11ec-8e82-347df65f57d9.jpg</filename>
	<path>C:\MyStuff\PES\SEM_VI\IPCV\ObjectDetection\RealTimeObjectDetection\Tensorflow\workspace\images\IPCVImages\thumbsup.bec2ad15-b7ed-11ec-8e82-347df65f57d9.jpg</path>
	<source>
		<database>Unknown</database>
	</source>
	<size>
		<width>640</width>
		<height>480</height>
		<depth>3</depth>
	</size>
	<segmented>0</segmented>
	<object>
		<name>Thumbsup</name>
		<pose>Unspecified</pose>
		<truncated>1</truncated>
		<difficult>0</difficult>
		<bndbox>
			<xmin>290</xmin>
			<ymin>231</ymin>
			<xmax>475</xmax>
			<ymax>480</ymax>
		</bndbox>
	</object>
</annotation>
