<annotation>
	<folder>IPCVImages</folder>
	<filename>thumbsup.d24ce320-b7ed-11ec-a6cd-eb66a2905e3c.jpg</filename>
	<path>C:\MyStuff\PES\SEM_VI\IPCV\ObjectDetection\RealTimeObjectDetection\Tensorflow\workspace\images\IPCVImages\thumbsup.d24ce320-b7ed-11ec-a6cd-eb66a2905e3c.jpg</path>
	<source>
		<database>Unknown</database>
	</source>
	<size>
		<width>640</width>
		<height>480</height>
		<depth>3</depth>
	</size>
	<segmented>0</segmented>
	<object>
		<name>Thumbsup</name>
		<pose>Unspecified</pose>
		<truncated>0</truncated>
		<difficult>0</difficult>
		<bndbox>
			<xmin>345</xmin>
			<ymin>164</ymin>
			<xmax>464</xmax>
			<ymax>343</ymax>
		</bndbox>
	</object>
</annotation>
