<annotation>
	<folder>IPCVImages</folder>
	<filename>thumbsup.c4d490d0-b7ed-11ec-94a8-347df65f57d9.jpg</filename>
	<path>C:\MyStuff\PES\SEM_VI\IPCV\ObjectDetection\RealTimeObjectDetection\Tensorflow\workspace\images\IPCVImages\thumbsup.c4d490d0-b7ed-11ec-94a8-347df65f57d9.jpg</path>
	<source>
		<database>Unknown</database>
	</source>
	<size>
		<width>640</width>
		<height>480</height>
		<depth>3</depth>
	</size>
	<segmented>0</segmented>
	<object>
		<name>Thumbsup</name>
		<pose>Unspecified</pose>
		<truncated>0</truncated>
		<difficult>0</difficult>
		<bndbox>
			<xmin>229</xmin>
			<ymin>149</ymin>
			<xmax>434</xmax>
			<ymax>431</ymax>
		</bndbox>
	</object>
</annotation>
