<annotation>
	<folder>IPCVImages</folder>
	<filename>thumbsup.cd6c8331-b7ed-11ec-ad7d-eb66a2905e3c.jpg</filename>
	<path>C:\MyStuff\PES\SEM_VI\IPCV\ObjectDetection\RealTimeObjectDetection\Tensorflow\workspace\images\IPCVImages\thumbsup.cd6c8331-b7ed-11ec-ad7d-eb66a2905e3c.jpg</path>
	<source>
		<database>Unknown</database>
	</source>
	<size>
		<width>640</width>
		<height>480</height>
		<depth>3</depth>
	</size>
	<segmented>0</segmented>
	<object>
		<name>Thumbsup</name>
		<pose>Unspecified</pose>
		<truncated>0</truncated>
		<difficult>0</difficult>
		<bndbox>
			<xmin>156</xmin>
			<ymin>196</ymin>
			<xmax>256</xmax>
			<ymax>355</ymax>
		</bndbox>
	</object>
</annotation>
